[
   {
      "Style" : "Rock",
      "type":"Guitare Electrique",
      "marque":"Fender",
      "nom":"American Deluxe Strat",
      "couleur":"Rouge",
      "modele" : "Stratocaster",
      "prix" : "1250€" ,
      "image" : "http://www.musiconline.fr/boutique/images_produits/starcaster2.png",
      "imageM" : "http://www.musiconline.fr/boutique/images_produits/starcaster2.png"
   },
   {
      "Style" : "Blues",
      "type":"Guitare Electrique",
      "marque":"Gibson",
      "couleur":"Sunburst",
      "nom":"Clapton",
      "modele" : "Les Paul",
      "prix" : "300€",
      "image": "https://media.cdnws.com/_i/7588/m100-1644/2941/45/ec1000asb.png",
      "imageM" : "http://archive.gibson.com/Press/logos2004/logos/GIBSON_CORP_LOGO/Gibson_Script_BLACK_hires.jpg"
   },
{
      "Style" : "Blues",
      "type":"Guitare Electrique",
      "marque":"Ibanez",
      "couleur":"Sunburst",
      "nom":"Zippay",
      "modele" : "Les Paul",
      "prix" : "150€",
      "image": "http://www.paul-beuscher.com/Files/104340/Img/12/JMFTC70MABS3-small.png",
      "imageM" : "http://archive.gibson.com/Press/logos2004/logos/GIBSON_CORP_LOGO/Gibson_Script_BLACK_hires.jpg"
   },
{
      "Style" : "Rock",
      "type":"Guitare Acoustique",
      "marque":"Ibanez",
      "couleur":"Sunburst",
      "nom":"Melody",
      "modele" : "Les Paul",
      "prix" : "720€",
      "image": "http://static.musiciansfriend.com/static/mf/staticPages/KnowYourIbanez/AcousticGuitars/231x313/Series/Artwood.png",
      "imageM" : "http://archive.gibson.com/Press/logos2004/logos/GIBSON_CORP_LOGO/Gibson_Script_BLACK_hires.jpg"
   },
{
      "Style" : "Rock",
      "type":"Guitare Electrique",
      "marque":"Jackson",
      "couleur":"Sunburst",
      "nom":"20s Anniversary",
      "modele" : "Les Paul",
      "prix" : "650€",
      "image": "http://static.millersmusic.co.uk/catalog/product/cache/2/small_image/200x/9df78eab33525d08d6e5fb8d27136e95/r/g/rg331m.png",
      "imageM" : "http://dpegb9ebondhq.cloudfront.net/product_photos/31651152/npg_200sq.png"
   },
   {
      "Style" : "Jazz",
      "type":"Guitare Acoustique",
      "marque":"Gretsch",
      "couleur":"Noir",
      "nom":"Rapido",
      "modele" : "Demi-caisse",
      "prix":"230€",
      "image":"https://media.cdnws.com/_i/13267/cs200-4259/613/61/gla-t44a-p-b.png",
      "imageM" : "http://az58332.vo.msecnd.net/e88dd2e9fff747f090c792316c22131c/Images/Products958783-1200x1200-2599407.jpg"
   },
   {
      "Style" : "Blues",
      "type":"Guitare Acoustique",
      "marque":"Yamaha",
      "couleur":"Noir",
      "nom":"GT 2015",
      "modele" : "Demi-caisse",
      "prix":"100€",
      "image":"http://veitzguitars.fr/wp-content/uploads/2016/11/cr-tmc-035-200x200.png",
      "imageM" : "http://az58332.vo.msecnd.net/e88dd2e9fff747f090c792316c22131c/Images/Products958783-1200x1200-2599407.jpg"
   },
{
      "Style" : "Jazz",
      "type":"Guitare Electrique",
      "marque":"Yamaha",
      "couleur":"Noir",
      "nom":"Senior",
      "modele" : "Demi-caisse",
      "prix":"700€",
      "image":"http://www.mannysonlinemusicstore.com.au/wp-content/uploads/2014/09/bronco-bass1-300x300.png",
      "imageM" : "http://az58332.vo.msecnd.net/e88dd2e9fff747f090c792316c22131c/Images/Products958783-1200x1200-2599407.jpg"
   },
   {
      "Style" : "Rock",
      "type":"Guitare Acoustique",
      "marque":"Gibson",
      "nom":"C12 Folk",
      "couleur":"Bleu",
      "modele" : "Electro-Acoustique",
      "prix" : "640€",
      "image" : "http://s3.amazonaws.com/images.gibson.com/Products/Acoustic-Guitars/2016/SJ-200-Quilt-Vine/SJ20VBG17_PLASTICS_FRONT.jpg",
      "imageM" : "http://archive.gibson.com/Press/logos2004/logos/GIBSON_CORP_LOGO/Gibson_Script_BLACK_hires.jpg"
   },
   {
      "Style" : "Blues",
      "type":"Guitare Acoustique Folk",
      "marque":"Gretsch",
      "couleur":"Jaune",
      "nom":"TG Streamliner",
      "modele" : "Demi-caisse",
      "prix":"800€",
      "image" : "http://www.jazzguitar.be/images/gear/gretsch-g100.jpg",
      "imageM" : "http://az58332.vo.msecnd.net/e88dd2e9fff747f090c792316c22131c/Images/Products958783-1200x1200-2599407.jpg"
   },
   {
      "Style" : "Classique",
      "type":"Guitare Classique Sèche",
      "marque":"Fender",
      "couleur":"Jaune",
      "nom":"SpanishCaster",
      "modele" : "Spanish Caster T20",
      "prix" : "950€",
      "image": "http://www.asldz.com/image/cache/catalog/ALMANSA/%20400%20CW%20NATURE/400-CW-Nature-800x800.png",
      "imageM" : "http://uploads.fender.com/newsroom/logos/Fender%20Logo%20JPG_1211322105.jpg"
   },
   {
      "Style" : "Rock",
      "type":"Guitare Resonator",
      "marque":"Dobro",
      "couleur":"Argent",
      "nom":"Angelo",
      "modele" : "Resonateur",
      "prix":"1400€",
      "image" : "http://freepngimages.com/wp-content/uploads/2016/03/gretsch-guitar-transparent-background.png",
      "imageM" : "http://www.theguitarstoreonline.co.uk/media/brands/thumbnail/300/150x150/Dobro_logo.jpg"
   }
,
   {
      "Style" : "Blues",
      "type":"Guitare Resonator",
      "marque":"Fender",
      "couleur":"Argent",
      "nom":"Patrio",
      "modele" : "Resonateur",
      "prix":"200€",
      "image" : "http://alligatormusic.com/wp-content/uploads/2015/09/Hagstrom-Swede-White-300x300.png",
      "imageM" : "http://www.theguitarstoreonline.co.uk/media/brands/thumbnail/300/150x150/Dobro_logo.jpg"
   }
]

